date,opening,received,consumed,closing,dip,pairs,rate,cost,eq_DG-01,eq_DG-02,eq_BLR-01,eq_FLT,eq_VEH,eq_FP-01
2024-01-01,13800,0,836,12964,13028,10864,103.76,0,474,108,161,38,55,0
2024-01-02,12964,0,800,12164,12107,10512,104.14,0,456,93,159,34,58,0
2024-01-03,12164,0,763,11401,11418,10940,104.11,0,436,94,143,35,55,0
2024-01-04,11401,0,730,10671,10598,10490,104.17,0,420,86,134,36,54,0
2024-01-05,10671,0,175,10496,10420,2296,104.29,0,102,22,31,8,12,0
2024-01-06,10496,0,781,9715,9650,10511,104.28,0,436,89,150,35,57,14
2024-01-07,9715,0,755,8960,8983,11352,104.05,0,453,83,133,33,53,0
2024-01-08,8960,0,790,8170,8160,10176,104.04,0,440,96,159,42,53,0
2024-01-09,8170,0,800,7370,7409,9964,103.89,0,457,103,145,42,53,0
2024-01-10,7370,0,774,6596,6566,10450,104.32,0,443,89,148,39,55,0
2024-01-11,6596,0,849,5747,5765,10563,104.22,0,494,95,164,42,54,0
2024-01-12,5747,0,167,5580,5543,1936,104.07,0,97,19,31,8,12,0
2024-01-13,5580,13000,847,17733,17747,11016,104.27,1355510,494,97,146,37,59,14
2024-01-14,17733,0,814,16919,16982,10774,104.07,0,491,88,144,39,52,0
2024-01-15,16919,0,839,16080,16066,11004,104.13,0,491,97,148,42,61,0
2024-01-16,16080,0,774,15306,15381,10694,104.28,0,464,84,132,39,55,0
2024-01-17,15306,0,785,14521,14608,10180,104.23,0,446,90,152,37,60,0
2024-01-18,14521,0,791,13730,13697,11345,104.1,0,463,96,144,34,54,0
2024-01-19,13730,0,168,13562,13628,2026,104.14,0,94,19,34,9,12,0
2024-01-20,13562,0,782,12780,12761,9701,104.46,0,452,90,138,39,49,14
2024-01-21,12780,0,707,12073,12113,10574,104.21,0,388,85,146,35,53,0
2024-01-22,12073,0,792,11281,11199,10119,104.48,0,455,100,138,41,58,0
2024-01-23,11281,0,719,10562,10528,10426,104.57,0,407,94,132,33,53,0
2024-01-24,10562,0,830,9732,9803,9790,104.69,0,496,94,151,36,53,0
2024-01-25,9732,0,768,8964,8967,10904,104.56,0,465,84,137,33,49,0
2024-01-26,8964,0,168,8796,8793,2039,104.5,0,93,22,33,9,11,0
2024-01-27,8796,0,741,8055,8038,10880,104.64,0,395,97,152,35,48,14
2024-01-28,8055,0,744,7311,7331,10108,104.26,0,429,83,143,38,51,0
2024-01-29,7311,0,824,6487,6469,9708,104.57,0,473,102,155,41,53,0
2024-01-30,6487,0,758,5729,5716,10394,104.42,0,445,85,136,38,54,0
2024-01-31,5729,0,817,4912,4926,9628,104.36,0,463,94,164,40,56,0
2024-02-01,4912,13000,720,17192,17199,10851,104.73,1361490,404,88,138,33,57,0
2024-02-02,17192,0,167,17025,17158,2086,104.56,0,91,23,32,8,13,0
2024-02-03,17025,0,884,16141,16140,9818,104.48,0,518,95,161,40,56,14
2024-02-04,16141,0,800,15341,15274,10660,104.75,0,470,99,150,33,48,0
2024-02-05,15341,0,795,14546,14542,10399,104.79,0,445,105,160,34,51,0
2024-02-06,14546,0,793,13753,13711,10897,104.86,0,460,95,144,41,53,0
2024-02-07,13753,0,799,12954,12958,9910,104.5,0,474,89,148,37,51,0
2024-02-08,12954,0,815,12139,12111,11255,104.71,0,462,106,150,38,59,0
2024-02-09,12139,0,184,11955,11891,2015,104.82,0,105,23,35,8,13,0
2024-02-10,11955,0,857,11098,11139,10067,104.95,0,505,102,136,40,60,14
2024-02-11,11098,0,793,10305,10273,10214,104.75,0,435,106,165,35,52,0
2024-02-12,10305,0,809,9496,9428,9853,104.68,0,474,94,142,40,59,0
2024-02-13,9496,0,834,8662,8656,10091,104.74,0,487,105,147,36,59,0
2024-02-14,8662,0,742,7920,7974,10611,105.05,0,402,94,156,39,51,0
2024-02-15,7920,0,773,7147,7144,11204,105.06,0,430,100,156,39,48,0
2024-02-16,7147,0,166,6981,6988,2175,105.0,0,93,23,31,8,11,0
2024-02-17,6981,0,805,6176,6146,11370,105.01,0,463,102,142,36,48,14
2024-02-18,6176,0,813,5363,5372,10649,105.13,0,449,99,160,43,62,0
2024-02-19,5363,13000,865,17498,17394,10547,105.13,1366690,508,94,165,37,61,0
2024-02-20,17498,0,819,16679,16569,11001,104.77,0,485,101,143,34,56,0
2024-02-21,16679,0,891,15788,15740,11181,104.99,0,525,103,167,42,54,0
2024-02-22,15788,0,795,14993,15028,10463,104.92,0,456,92,150,42,55,0
2024-02-23,14993,0,169,14824,14788,2186,104.92,0,96,22,32,8,11,0
2024-02-24,14824,0,794,14030,14134,9719,104.7,0,435,100,149,40,56,14
2024-02-25,14030,0,786,13244,13218,9852,104.88,0,436,96,167,36,51,0
2024-02-26,13244,0,730,12514,12435,9626,104.73,0,406,92,142,34,56,0
2024-02-27,12514,0,856,11658,11604,11145,104.93,0,516,96,145,41,58,0
2024-02-28,11658,0,861,10797,10795,10988,104.79,0,516,109,140,35,61,0
2024-02-29,10797,0,737,10060,10080,10240,105.1,0,410,93,144,34,56,0
2024-03-01,10060,0,184,9876,9848,2112,105.29,0,107,23,35,8,11,0
2024-03-02,9876,0,864,9012,8995,10464,105.03,0,491,103,160,38,58,14
2024-03-03,9012,0,749,8263,8218,11252,104.89,0,423,91,138,39,58,0
2024-03-04,8263,0,841,7422,7367,11435,105.3,0,482,107,157,39,56,0
2024-03-05,7422,0,836,6586,6635,9870,105.32,0,500,102,143,36,55,0
2024-03-06,6586,0,801,5785,5820,10105,105.01,0,467,107,137,35,55,0
2024-03-07,5785,0,864,4921,4899,9853,104.95,0,487,108,172,38,59,0
2024-03-08,4921,13414,179,18156,18229,2135,105.41,1413970,102,23,34,8,12,0
2024-03-09,18156,0,797,17359,17437,9910,105.13,0,453,95,142,39,54,14
2024-03-10,17359,0,782,16577,16450,11166,104.99,0,463,94,139,34,52,0
2024-03-11,16577,0,808,15769,15761,11086,105.23,0,486,94,139,34,55,0
2024-03-12,15769,0,845,14924,14849,10922,105.56,0,497,108,143,38,59,0
2024-03-13,14924,0,885,14039,13958,11248,105.1,0,524,105,155,40,61,0
2024-03-14,14039,0,771,13268,13247,10731,105.16,0,457,103,126,32,53,0
2024-03-15,13268,0,174,13094,12990,1953,105.23,0,98,24,32,9,11,0
2024-03-16,13094,0,820,12274,12353,10944,105.25,0,457,106,146,38,59,14
2024-03-17,12274,0,768,11506,11444,10087,105.08,0,453,93,136,34,52,0
2024-03-18,11506,0,824,10682,10602,10638,105.32,0,491,101,142,37,53,0
2024-03-19,10682,0,793,9889,9866,11143,105.37,0,477,92,143,33,48,0
2024-03-20,9889,0,797,9092,9032,11070,105.38,0,483,92,135,33,54,0
2024-03-21,9092,0,781,8311,8257,10377,105.39,0,438,112,147,34,50,0
2024-03-22,8311,0,183,8128,8086,2248,105.32,0,106,24,32,8,13,0
2024-03-23,8128,0,870,7258,7302,10143,105.62,0,508,104,151,37,56,14
2024-03-24,7258,0,838,6420,6418,10272,105.53,0,477,109,154,39,59,0
2024-03-25,6420,0,919,5501,5530,9901,105.62,0,543,113,165,44,54,0
2024-03-26,5501,0,843,4658,4658,10803,105.63,0,516,102,135,37,53,0
2024-03-27,4658,13580,762,17476,17522,10804,105.34,1430517,448,95,133,37,49,0
2024-03-28,17476,0,805,16671,16601,11029,105.64,0,461,102,153,38,51,0
2024-03-29,16671,0,187,16484,16361,1994,105.77,0,113,24,30,8,12,0
2024-03-30,16484,0,883,15601,15547,9979,105.51,0,528,101,153,37,50,14
2024-03-31,15601,0,773,14828,14723,10599,105.59,0,428,99,149,40,57,0
2024-04-01,14828,0,859,13969,13945,10341,105.36,0,501,114,149,38,57,0
2024-04-02,13969,0,827,13142,13189,9875,105.85,0,473,108,154,39,53,0
2024-04-03,13142,0,849,12293,12210,9867,105.36,0,501,112,143,35,58,0
2024-04-04,12293,0,844,11449,11455,11033,105.58,0,483,108,157,41,55,0
2024-04-05,11449,0,187,11262,11323,2033,105.52,0,110,21,35,8,13,0
2024-04-06,11262,0,872,10390,10440,9847,105.63,0,484,110,168,42,54,14
2024-04-07,10390,0,887,9503,9456,10592,105.74,0,523,107,156,42,59,0
2024-04-08,9503,0,942,8561,8499,9646,105.85,0,572,114,157,43,56,0
2024-04-09,8561,0,830,7731,7683,10581,105.78,0,492,113,134,34,57,0
2024-04-10,7731,0,835,6896,6907,9802,105.68,0,494,103,150,39,49,0
2024-04-11,6896,0,835,6061,6023,9692,105.76,0,503,109,140,33,50,0
2024-04-12,6061,0,192,5869,5902,2178,105.81,0,118,23,30,9,12,0
2024-04-13,5869,13104,868,18105,17987,10436,105.64,1384307,517,107,139,35,56,14
2024-04-14,18105,0,872,17233,17117,11021,105.98,0,524,107,151,36,54,0
2024-04-15,17233,0,793,16440,16426,10504,106.13,0,454,98,152,37,52,0
2024-04-16,16440,0,930,15510,15393,10027,105.56,0,561,113,163,35,58,0
2024-04-17,15510,0,865,14645,14565,9750,105.86,0,525,100,153,37,50,0
2024-04-18,14645,0,820,13825,13844,9594,105.83,0,473,103,154,36,54,0
2024-04-19,13825,0,185,13640,13673,2280,105.96,0,110,24,32,8,11,0
2024-04-20,13640,0,898,12742,12675,10111,105.95,0,533,107,155,37,52,14
2024-04-21,12742,0,801,11941,11951,10168,106.23,0,471,97,151,35,47,0
2024-04-22,11941,0,817,11124,11178,10577,105.87,0,472,102,146,37,60,0
2024-04-23,11124,0,813,10311,10390,10861,106.05,0,457,109,155,35,57,0
2024-04-24,10311,0,913,9398,9372,10281,105.99,0,532,119,162,42,58,0
2024-04-25,9398,0,922,8476,8542,11271,106.12,0,549,115,164,41,53,0
2024-04-26,8476,0,183,8293,8263,2301,106.08,0,109,24,30,9,11,0
2024-04-27,8293,0,833,7460,7478,11245,106.16,0,475,99,152,41,52,14
2024-04-28,7460,0,868,6592,6592,10337,106.18,0,496,109,168,39,56,0
2024-04-29,6592,0,921,5671,5650,9939,105.81,0,564,101,159,39,58,0
2024-04-30,5671,0,781,4890,4908,11006,106.05,0,445,107,139,37,53,0
2024-05-01,4890,13408,899,17399,17305,10179,106.15,1423259,537,110,160,36,56,0
2024-05-02,17399,0,872,16527,16467,10078,105.91,0,515,107,156,38,56,0
2024-05-03,16527,0,199,16328,16233,2055,106.04,0,121,26,32,8,12,0
2024-05-04,16328,0,918,15410,15291,11011,106.03,0,509,119,174,43,59,14
2024-05-05,15410,0,892,14518,14416,9812,106.27,0,515,118,162,36,61,0
2024-05-06,14518,0,853,13665,13657,9693,106.35,0,511,100,158,34,50,0
2024-05-07,13665,0,829,12836,12869,10090,106.19,0,485,106,146,40,52,0
2024-05-08,12836,0,791,12045,12020,10066,106.19,0,462,101,136,38,54,0
2024-05-09,12045,0,956,11089,11086,10765,106.33,0,575,124,161,35,61,0
2024-05-10,11089,0,185,10904,10973,2276,106.39,0,110,23,32,8,12,0
2024-05-11,10904,0,808,10096,10119,11298,106.1,0,460,108,138,33,55,14
2024-05-12,10096,0,857,9239,9269,11076,106.21,0,484,107,168,38,60,0
2024-05-13,9239,0,876,8363,8420,10027,106.34,0,521,109,154,38,54,0
2024-05-14,8363,0,845,7518,7542,10537,106.34,0,516,108,133,36,52,0
2024-05-15,7518,0,810,6708,6737,9637,106.26,0,463,106,149,35,57,0
2024-05-16,6708,0,875,5833,5867,10730,106.54,0,530,114,141,36,54,0
2024-05-17,5833,0,186,5647,5643,2081,106.62,0,111,22,33,9,11,0
2024-05-18,5647,13292,853,18086,18136,11004,106.31,1413073,495,109,151,33,51,14
2024-05-19,18086,0,885,17201,17251,9838,106.25,0,542,100,153,34,56,0
2024-05-20,17201,0,829,16372,16306,11196,106.59,0,471,108,149,41,60,0
2024-05-21,16372,0,849,15523,15476,11062,106.12,0,496,118,151,33,51,0
2024-05-22,15523,0,856,14667,14640,10684,106.37,0,509,117,141,39,50,0
2024-05-23,14667,0,886,13781,13671,10432,106.57,0,524,109,157,38,58,0
2024-05-24,13781,0,190,13591,13572,1951,106.51,0,113,26,30,9,12,0
2024-05-25,13591,0,908,12683,12610,11046,106.62,0,513,106,171,42,62,14
2024-05-26,12683,0,886,11797,11820,11193,106.49,0,540,117,137,37,55,0
2024-05-27,11797,0,780,11017,10979,10289,106.76,0,471,97,131,34,47,0
2024-05-28,11017,0,940,10077,10105,10978,106.42,0,570,126,156,36,52,0
2024-05-29,10077,0,808,9269,9291,10613,106.76,0,479,99,140,40,50,0
2024-05-30,9269,0,888,8381,8401,11236,106.74,0,538,113,140,37,60,0
2024-05-31,8381,0,181,8200,8207,2271,106.37,0,106,23,32,8,12,0
2024-06-01,8200,0,913,7287,7307,9906,106.34,0,542,113,151,40,53,14
2024-06-02,7287,0,901,6386,6403,11272,106.47,0,553,110,148,39,51,0
2024-06-03,6386,0,903,5483,5472,11238,106.32,0,538,121,155,37,52,0
2024-06-04,5483,12713,961,17235,17332,10843,106.88,1358765,591,111,163,40,56,0
2024-06-05,17235,0,993,16242,16333,9792,106.76,0,602,118,169,42,62,0
2024-06-06,16242,0,871,15371,15467,10132,106.75,0,521,110,151,36,53,0
2024-06-07,15371,0,202,15169,15051,1973,106.7,0,124,24,34,8,12,0
2024-06-08,15169,0,912,14257,14314,9649,106.63,0,540,108,149,40,61,14
2024-06-09,14257,0,861,13396,13450,9998,106.44,0,513,105,144,39,60,0
2024-06-10,13396,0,857,12539,12602,9989,106.88,0,524,98,147,33,55,0
2024-06-11,12539,0,797,11742,11656,11042,106.95,0,457,106,147,37,50,0
2024-06-12,11742,0,845,10897,10884,11245,106.89,0,521,112,127,35,50,0
2024-06-13,10897,0,915,9982,9986,9611,106.54,0,547,114,154,41,59,0
2024-06-14,9982,0,194,9788,9785,2032,106.87,0,114,26,34,8,12,0
2024-06-15,9788,0,907,8881,8951,10919,106.51,0,515,118,169,36,55,14
2024-06-16,8881,0,816,8065,8086,9810,106.65,0,468,114,147,35,52,0
2024-06-17,8065,0,782,7283,7283,9857,106.74,0,449,103,147,32,51,0
2024-06-18,7283,0,908,6375,6369,10938,106.82,0,531,121,161,38,57,0
2024-06-19,6375,0,960,5415,5447,10644,106.61,0,598,110,162,37,53,0
2024-06-20,5415,0,927,4488,4499,10033,106.52,0,568,105,156,38,60,0
2024-06-21,4488,13625,194,17919,17899,2024,106.81,1455286,116,22,34,9,13,0
2024-06-22,17919,0,915,17004,16929,10700,106.72,0,564,102,141,38,56,14
2024-06-23,17004,0,970,16034,16126,10423,107.07,0,596,126,154,41,53,0
2024-06-24,16034,0,890,15144,15061,9829,107.13,0,550,110,137,38,55,0
2024-06-25,15144,0,887,14257,14364,11210,107.0,0,550,103,139,37,58,0
2024-06-26,14257,0,925,13332,13391,11116,106.7,0,552,121,158,38,56,0
2024-06-27,13332,0,979,12353,12279,10705,106.96,0,602,109,169,41,58,0
2024-06-28,12353,0,184,12169,12073,2234,106.97,0,105,26,33,8,12,0
2024-06-29,12169,0,933,11236,11286,10446,106.68,0,540,118,162,41,58,14
2024-06-30,11236,0,951,10285,10334,10462,107.15,0,565,115,171,42,58,0
2024-07-01,10285,0,862,9423,9392,10452,106.71,0,501,110,154,41,56,0
2024-07-02,9423,0,933,8490,8465,11246,106.9,0,572,125,144,37,55,0
2024-07-03,8490,0,954,7536,7512,9590,106.71,0,593,112,145,43,61,0
2024-07-04,7536,0,909,6627,6656,11180,107.22,0,562,109,140,38,60,0
2024-07-05,6627,0,193,6434,6389,1964,107.19,0,121,22,32,7,11,0
2024-07-06,6434,0,808,5626,5606,9622,107.25,0,468,96,137,38,55,14
2024-07-07,5626,13373,942,18057,18083,11287,106.99,1430777,572,118,161,34,57,0
2024-07-08,18057,0,885,17172,17092,9690,107.12,0,542,103,153,37,50,0
2024-07-09,17172,0,885,16287,16328,11146,107.07,0,531,106,152,38,58,0
2024-07-10,16287,0,884,15403,15323,10351,106.83,0,537,112,143,36,56,0
2024-07-11,15403,0,815,14588,14519,10419,107.24,0,474,105,143,39,54,0
2024-07-12,14588,0,191,14397,14460,2194,107.37,0,113,22,35,8,13,0
2024-07-13,14397,0,930,13467,13525,10953,106.83,0,551,109,169,35,52,14
2024-07-14,13467,0,826,12641,12727,10953,107.36,0,477,110,152,37,50,0
2024-07-15,12641,0,893,11748,11817,9956,107.26,0,553,105,145,37,53,0
2024-07-16,11748,0,879,10869,10820,10877,107.06,0,537,98,150,38,56,0
2024-07-17,10869,0,920,9949,9976,9686,107.01,0,560,106,166,37,51,0
2024-07-18,9949,0,879,9070,9114,10386,107.12,0,528,116,143,38,54,0
2024-07-19,9070,0,196,8874,8852,1950,107.41,0,119,23,35,7,12,0
2024-07-20,8874,0,855,8019,8063,10133,107.12,0,515,95,142,33,56,14
2024-07-21,8019,0,892,7127,7132,10293,107.08,0,534,113,152,40,53,0
2024-07-22,7127,0,807,6320,6316,10740,106.89,0,469,109,138,40,51,0
2024-07-23,6320,0,882,5438,5453,10209,107.03,0,527,117,146,35,57,0
2024-07-24,5438,12873,828,17483,17403,9838,106.92,1376381,492,114,134,34,54,0
2024-07-25,17483,0,952,16531,16481,10990,107.35,0,594,118,145,37,58,0
2024-07-26,16531,0,185,16346,16273,2099,107.3,0,109,24,33,8,11,0
2024-07-27,16346,0,865,15481,15570,10557,107.22,0,488,116,156,38,53,14
2024-07-28,15481,0,859,14622,14600,10907,107.41,0,520,104,147,37,51,0
2024-07-29,14622,0,851,13771,13842,10406,107.09,0,494,115,151,37,54,0
2024-07-30,13771,0,871,12900,12908,10402,107.39,0,532,105,144,37,53,0
2024-07-31,12900,0,826,12074,12018,10104,107.49,0,501,104,143,32,46,0
2024-08-01,12074,0,821,11253,11306,9935,107.09,0,490,97,147,33,54,0
2024-08-02,11253,0,181,11072,11133,2144,107.1,0,100,26,35,8,12,0
2024-08-03,11072,0,952,10120,10132,9616,107.5,0,563,119,162,38,56,14
2024-08-04,10120,0,879,9241,9231,11002,107.15,0,517,115,147,42,58,0
2024-08-05,9241,0,939,8302,8288,10142,107.6,0,560,118,164,37,60,0
2024-08-06,8302,0,797,7505,7470,10350,107.57,0,459,112,139,38,49,0
2024-08-07,7505,0,855,6650,6689,9823,107.55,0,502,110,146,40,57,0
2024-08-08,6650,0,847,5803,5811,10530,107.1,0,513,101,149,37,47,0
2024-08-09,5803,0,196,5607,5584,2184,107.6,0,115,24,35,9,13,0
2024-08-10,5607,13350,930,18027,17954,11427,107.16,1430586,545,114,164,41,52,14
2024-08-11,18027,0,866,17161,17245,10685,107.45,0,528,104,144,34,56,0
2024-08-12,17161,0,915,16246,16262,9593,107.49,0,547,111,157,40,60,0
2024-08-13,16246,0,834,15412,15499,10663,107.19,0,493,100,152,39,50,0
2024-08-14,15412,0,878,14534,14480,11431,107.72,0,511,116,154,38,59,0
2024-08-15,14534,0,914,13620,13572,10526,107.55,0,551,119,153,35,56,0
2024-08-16,13620,0,180,13440,13359,2166,107.56,0,101,25,33,9,12,0
2024-08-17,13440,0,862,12578,12651,10570,107.67,0,501,114,140,36,57,14
2024-08-18,12578,0,861,11717,11796,10499,107.58,0,499,109,162,34,57,0
2024-08-19,11717,0,806,10911,10997,10658,107.7,0,464,104,147,36,55,0
2024-08-20,10911,0,853,10058,10103,10387,107.42,0,476,113,167,38,59,0
2024-08-21,10058,0,903,9155,9082,11048,107.47,0,539,109,164,37,54,0
2024-08-22,9155,0,918,8237,8201,9829,107.21,0,560,115,145,40,58,0
2024-08-23,8237,0,194,8043,8043,2021,107.66,0,115,24,34,8,13,0
2024-08-24,8043,0,808,7235,7229,10269,107.67,0,479,93,139,35,48,14
2024-08-25,7235,0,796,6439,6428,10208,107.53,0,460,97,152,37,50,0
2024-08-26,6439,0,793,5646,5637,10484,107.56,0,454,96,153,35,55,0
2024-08-27,5646,12765,868,17543,17457,10009,107.46,1371727,504,114,154,42,54,0
2024-08-28,17543,0,796,16747,16862,9865,107.76,0,473,101,130,37,55,0
2024-08-29,16747,0,822,15925,15997,10283,107.47,0,492,101,139,40,50,0
2024-08-30,15925,0,182,15743,15625,2099,107.7,0,104,24,33,9,12,0
2024-08-31,15743,0,878,14865,14809,10383,107.65,0,500,105,160,41,58,14
2024-09-01,14865,0,839,14026,14092,9568,107.67,0,475,107,169,36,52,0
2024-09-02,14026,0,755,13271,13306,10473,107.84,0,423,100,143,33,56,0
2024-09-03,13271,0,913,12358,12446,10711,107.86,0,549,112,160,39,53,0
2024-09-04,12358,0,826,11532,11443,11283,107.36,0,486,95,155,35,55,0
2024-09-05,11532,0,819,10713,10749,10612,107.42,0,486,99,146,33,55,0
2024-09-06,10713,0,168,10545,10476,2296,107.34,0,95,22,32,8,11,0
2024-09-07,10545,0,798,9747,9803,10498,107.86,0,456,96,144,39,49,14
2024-09-08,9747,0,762,8985,8931,10307,107.66,0,462,88,127,37,48,0
2024-09-09,8985,0,790,8195,8259,9756,107.41,0,484,92,133,34,47,0
2024-09-10,8195,0,846,7349,7325,10798,107.5,0,507,104,141,35,59,0
2024-09-11,7349,0,844,6505,6535,10441,107.36,0,491,104,158,35,56,0
2024-09-12,6505,0,868,5637,5625,10166,107.41,0,524,108,149,34,53,0
2024-09-13,5637,0,172,5465,5473,1980,107.95,0,99,20,33,9,11,0
2024-09-14,5465,13495,826,18134,18080,10635,107.6,1452062,471,105,147,34,55,14
2024-09-15,18134,0,809,17325,17239,11109,107.66,0,480,95,138,38,58,0
2024-09-16,17325,0,768,16557,16490,10475,107.45,0,438,104,137,34,55,0
2024-09-17,16557,0,916,15641,15745,9844,107.72,0,544,102,170,37,63,0
2024-09-18,15641,0,864,14777,14857,10321,107.85,0,495,104,160,42,63,0
2024-09-19,14777,0,798,13979,14006,10574,107.64,0,489,88,129,37,55,0
2024-09-20,13979,0,182,13797,13827,2178,107.58,0,105,24,34,8,11,0
2024-09-21,13797,0,808,12989,12919,11092,107.99,0,464,95,151,34,50,14
2024-09-22,12989,0,810,12179,12196,10027,107.8,0,496,97,136,33,48,0
2024-09-23,12179,0,780,11399,11420,9894,107.56,0,439,104,141,41,55,0
2024-09-24,11399,0,843,10556,10521,11355,107.63,0,484,110,155,37,57,0
2024-09-25,10556,0,748,9808,9804,11399,107.65,0,413,96,151,38,50,0
2024-09-26,9808,0,813,8995,9002,10534,107.74,0,475,107,138,38,55,0
2024-09-27,8995,0,185,8810,8747,2196,107.85,0,111,22,32,7,13,0
2024-09-28,8810,0,827,7983,7923,9714,107.6,0,489,88,152,33,51,14
2024-09-29,7983,0,837,7146,7143,11329,107.92,0,489,102,156,33,57,0
2024-09-30,7146,0,884,6262,6270,9624,107.67,0,516,114,154,39,61,0
2024-10-01,6262,0,879,5383,5362,9767,107.54,0,500,108,168,42,61,0
2024-10-02,5383,12854,783,17454,17448,10197,107.97,1387846,459,95,136,37,56,0
2024-10-03,17454,0,810,16644,16674,9832,107.62,0,456,109,155,36,54,0
2024-10-04,16644,0,183,16461,16529,2258,108.04,0,110,23,31,8,11,0
2024-10-05,16461,0,788,15673,15567,11401,108.02,0,442,99,145,37,51,14
2024-10-06,15673,0,723,14950,14891,11343,108.03,0,409,95,132,38,49,0
2024-10-07,14950,0,772,14178,14073,10482,107.7,0,443,96,147,34,52,0
2024-10-08,14178,0,729,13449,13510,11127,108.1,0,410,96,138,33,52,0
2024-10-09,13449,0,778,12671,12740,10099,108.11,0,467,87,134,38,52,0
2024-10-10,12671,0,828,11843,11763,10985,108.09,0,464,102,169,40,53,0
2024-10-11,11843,0,173,11670,11670,2285,107.77,0,97,23,33,9,11,0
2024-10-12,11670,0,823,10847,10881,11230,108.04,0,461,100,155,39,54,14
2024-10-13,10847,0,739,10108,10106,10180,107.64,0,411,100,139,34,55,0
2024-10-14,10108,0,889,9219,9218,10482,108.09,0,519,107,165,37,61,0
2024-10-15,9219,0,836,8383,8409,10737,108.03,0,472,108,160,39,57,0
2024-10-16,8383,0,716,7667,7719,10423,108.11,0,413,93,130,33,47,0
2024-10-17,7667,0,842,6825,6790,10047,107.71,0,477,103,170,39,53,0
2024-10-18,6825,0,167,6658,6709,2294,107.91,0,94,22,31,8,12,0
2024-10-19,6658,0,901,5757,5739,9628,107.63,0,514,105,165,40,63,14
2024-10-20,5757,13175,831,18101,17956,9768,108.11,1424349,474,105,160,35,57,0
2024-10-21,18101,0,782,17319,17387,10585,107.61,0,454,85,153,36,54,0
2024-10-22,17319,0,776,16543,16415,10143,107.92,0,455,85,143,37,56,0
2024-10-23,16543,0,786,15757,15814,11010,107.93,0,448,93,152,40,53,0
2024-10-24,15757,0,869,14888,14827,9578,107.65,0,501,101,164,41,62,0
2024-10-25,14888,0,184,14704,14721,2228,107.72,0,106,20,36,9,13,0
2024-10-26,14704,0,789,13915,13971,9715,108.07,0,445,87,154,38,51,14
2024-10-27,13915,0,866,13049,12989,11375,107.67,0,499,95,170,40,62,0
2024-10-28,13049,0,782,12267,12243,10489,107.74,0,463,90,145,37,47,0
2024-10-29,12267,0,767,11500,11451,11060,107.76,0,433,104,141,37,52,0
2024-10-30,11500,0,770,10730,10662,10780,107.86,0,440,97,145,33,55,0
2024-10-31,10730,0,829,9901,9919,11367,107.67,0,493,102,142,36,56,0
2024-11-01,9901,0,173,9728,9749,2007,108.15,0,98,21,35,8,11,0
2024-11-02,9728,0,787,8941,8993,10975,107.85,0,449,94,144,36,50,14
2024-11-03,8941,0,713,8228,8203,10125,108.21,0,394,89,141,32,57,0
2024-11-04,8228,0,753,7475,7515,9685,108.01,0,424,84,155,39,51,0
2024-11-05,7475,0,817,6658,6679,11106,107.69,0,454,102,164,39,58,0
2024-11-06,6658,0,850,5808,5846,9603,107.92,0,473,104,174,41,58,0
2024-11-07,5808,0,744,5064,5039,11219,107.95,0,403,101,150,36,54,0
2024-11-08,5064,13000,173,17891,17968,2166,108.16,1406080,100,21,32,8,12,0
2024-11-09,17891,0,876,17015,16948,10306,108.16,0,512,105,154,39,52,14
2024-11-10,17015,0,774,16241,16139,10609,107.7,0,430,101,143,41,59,0
2024-11-11,16241,0,753,15488,15485,10637,108.26,0,424,96,142,38,53,0
2024-11-12,15488,0,762,14726,14649,10455,107.84,0,444,85,149,38,46,0
2024-11-13,14726,0,784,13942,13901,9866,107.76,0,460,88,149,35,52,0
2024-11-14,13942,0,717,13225,13158,9857,107.68,0,399,94,136,37,51,0
2024-11-15,13225,0,180,13045,13060,2198,107.75,0,103,21,34,9,13,0
2024-11-16,13045,0,821,12224,12143,10555,107.78,0,467,101,142,37,60,14
2024-11-17,12224,0,722,11502,11487,10095,107.69,0,415,86,130,40,51,0
2024-11-18,11502,0,772,10730,10758,10209,107.98,0,453,87,146,33,53,0
2024-11-19,10730,0,792,9938,9901,9620,107.78,0,455,100,151,36,50,0
2024-11-20,9938,0,856,9082,9065,10863,107.74,0,500,99,160,38,59,0
2024-11-21,9082,0,805,8277,8313,9743,108.23,0,438,105,164,39,59,0
2024-11-22,8277,0,168,8109,8114,2237,107.74,0,93,21,34,8,12,0
2024-11-23,8109,0,841,7268,7296,10290,107.99,0,472,94,164,39,58,14
2024-11-24,7268,0,733,6535,6576,10609,108.22,0,419,86,134,38,56,0
2024-11-25,6535,0,754,5781,5760,11040,107.83,0,449,89,134,33,49,0
2024-11-26,5781,0,734,5047,5038,10670,107.87,0,420,86,137,35,56,0
2024-11-27,5047,13465,789,17723,17730,10959,108.29,1458125,467,93,133,38,58,0
2024-11-28,17723,0,767,16956,16835,10088,107.87,0,434,92,145,42,54,0
2024-11-29,16956,0,160,16796,16715,1958,108.22,0,91,19,30,8,12,0
2024-11-30,16796,0,797,15999,16047,11159,107.72,0,456,88,150,38,51,14
2024-12-01,15999,0,764,15235,15158,11297,107.87,0,438,95,138,37,56,0
2024-12-02,15235,0,789,14446,14552,9569,108.02,0,434,96,160,41,58,0
2024-12-03,14446,0,827,13619,13597,9884,107.9,0,450,105,171,41,60,0
2024-12-04,13619,0,812,12807,12782,10919,107.87,0,482,100,142,36,52,0
2024-12-05,12807,0,728,12079,12047,10472,107.94,0,421,87,136,35,49,0
2024-12-06,12079,0,179,11900,11852,2069,108.23,0,101,21,36,8,13,0
2024-12-07,11900,0,844,11056,11138,10927,108.22,0,478,91,170,38,53,14
2024-12-08,11056,0,724,10332,10260,9853,107.96,0,403,85,149,34,53,0
2024-12-09,10332,0,812,9520,9494,9929,108.21,0,433,107,174,41,57,0
2024-12-10,9520,0,801,8719,8787,11215,108.02,0,479,85,146,41,50,0
2024-12-11,8719,0,693,8026,8014,10305,107.96,0,384,84,144,33,48,0
2024-12-12,8026,0,749,7277,7319,9859,108.02,0,441,82,133,39,54,0
2024-12-13,7277,0,174,7103,7075,1997,107.99,0,102,22,29,8,13,0
2024-12-14,7103,0,780,6323,6315,9732,107.93,0,444,86,145,39,52,14
2024-12-15,6323,0,766,5557,5592,11338,108.11,0,460,83,141,33,49,0
2024-12-16,5557,0,801,4756,4730,10198,107.87,0,459,102,148,38,54,0
2024-12-17,4756,13000,765,16991,16868,10307,108.07,1404910,437,84,155,35,54,0
2024-12-18,16991,0,808,16183,16094,9850,108.18,0,451,101,158,37,61,0
2024-12-19,16183,0,771,15412,15501,9925,108.24,0,438,94,143,39,57,0
2024-12-20,15412,0,180,15232,15223,2232,108.11,0,104,21,36,8,11,0
2024-12-21,15232,0,733,14499,14397,10692,107.88,0,402,98,132,38,49,14
2024-12-22,14499,0,811,13688,13689,11155,107.88,0,467,94,161,36,53,0
2024-12-23,13688,0,703,12985,12969,10470,107.79,0,408,79,128,36,52,0
2024-12-24,12985,0,839,12146,12110,11299,107.96,0,497,95,154,35,58,0
2024-12-25,12146,0,812,11334,11313,11382,107.79,0,468,100,152,35,57,0
2024-12-26,11334,0,781,10553,10597,10005,107.82,0,425,94,171,39,52,0
2024-12-27,10553,0,173,10380,10448,1959,107.87,0,104,19,30,8,12,0
2024-12-28,10380,0,751,9629,9674,10368,107.89,0,402,95,145,40,55,14
2024-12-29,9629,0,798,8831,8780,10988,108.0,0,463,99,147,36,53,0
2024-12-30,8831,0,827,8004,7997,10164,107.99,0,473,99,165,36,54,0
2024-12-31,8004,0,741,7263,7269,10846,107.9,0,411,92,152,35,51,0
2025-01-01,7263,0,818,6445,6483,9754,108.19,0,456,101,169,36,56,0
2025-01-02,6445,0,788,5657,5652,10725,108.26,0,453,91,150,38,56,0
2025-01-03,5657,0,173,5484,5527,2198,108.21,0,99,20,34,8,12,0
2025-01-04,5484,13555,799,18240,18120,10890,107.81,1461365,468,89,138,34,56,14
2025-01-05,18240,0,802,17438,17373,10414,107.95,0,447,92,157,43,63,0
2025-01-06,17438,0,800,16638,16661,10594,107.85,0,474,95,135,40,56,0
2025-01-07,16638,0,871,15767,15793,11079,108.16,0,512,98,166,36,59,0
2025-01-08,15767,0,830,14937,15056,10155,108.14,0,468,105,163,40,54,0
2025-01-09,14937,0,793,14144,14103,9872,107.84,0,438,99,159,36,61,0
2025-01-10,14144,0,159,13985,13975,2077,107.74,0,88,19,30,9,13,0
2025-01-11,13985,0,802,13183,13212,10796,107.78,0,427,97,167,36,61,14
2025-01-12,13183,0,742,12441,12414,11420,108.04,0,403,99,156,35,49,0
2025-01-13,12441,0,800,11641,11557,10711,107.72,0,428,110,164,42,56,0
2025-01-14,11641,0,758,10883,10853,10413,107.89,0,442,88,143,33,52,0
2025-01-15,10883,0,837,10046,10058,10252,108.14,0,478,104,158,39,58,0
2025-01-16,10046,0,715,9331,9308,10239,107.74,0,395,94,140,36,50,0
2025-01-17,9331,0,175,9156,9130,1974,107.93,0,104,20,31,8,12,0
2025-01-18,9156,0,798,8358,8378,10243,107.95,0,455,94,141,34,60,14
2025-01-19,8358,0,712,7646,7624,10339,107.8,0,390,86,152,37,47,0
2025-01-20,7646,0,792,6854,6893,10359,107.75,0,468,98,134,38,54,0
2025-01-21,6854,0,849,6005,5989,10991,107.67,0,482,100,167,39,61,0
2025-01-22,6005,0,748,5257,5269,10847,108.16,0,420,86,149,40,53,0
2025-01-23,5257,13000,750,17507,17496,10968,108.09,1405170,425,98,137,37,53,0
2025-01-24,17507,0,169,17338,17397,1984,107.95,0,95,23,32,8,11,0
2025-01-25,17338,0,815,16523,16577,11426,107.74,0,438,103,167,37,56,14
2025-01-26,16523,0,841,15682,15799,11224,107.9,0,502,103,141,37,58,0
2025-01-27,15682,0,734,14948,14908,10584,107.74,0,422,86,144,34,48,0
2025-01-28,14948,0,756,14192,14265,10728,107.91,0,419,96,154,37,50,0
2025-01-29,14192,0,830,13362,13456,11335,107.94,0,485,97,144,40,64,0
2025-01-30,13362,0,829,12533,12539,10588,107.82,0,484,95,156,37,57,0
2025-01-31,12533,0,178,12355,12344,2161,107.83,0,104,21,33,9,11,0
2025-02-01,12355,0,727,11628,11672,10367,107.89,0,395,84,146,34,54,14
2025-02-02,11628,0,861,10767,10802,11381,108.15,0,515,100,151,40,55,0
2025-02-03,10767,0,825,9942,9942,10600,107.93,0,472,103,161,34,55,0
2025-02-04,9942,0,839,9103,9038,10298,107.82,0,498,105,143,38,55,0
2025-02-05,9103,0,797,8306,8244,10548,107.92,0,479,93,136,37,52,0
2025-02-06,8306,0,816,7490,7477,11042,108.02,0,477,89,159,41,50,0
2025-02-07,7490,0,178,7312,7361,2308,107.65,0,104,22,31,9,12,0
2025-02-08,7312,0,906,6406,6446,10261,108.14,0,516,109,168,36,63,14
2025-02-09,6406,0,788,5618,5577,11220,108.13,0,432,101,162,37,56,0
2025-02-10,5618,0,825,4793,4798,9583,107.77,0,483,94,153,40,55,0
2025-02-11,4793,13594,823,17564,17480,9624,107.9,1466793,483,100,150,40,50,0
2025-02-12,17564,0,850,16714,16639,10541,107.66,0,493,100,158,41,58,0
2025-02-13,16714,0,734,15980,15979,11209,107.67,0,406,99,142,36,51,0
2025-02-14,15980,0,179,15801,15726,2309,107.68,0,103,22,35,8,11,0
2025-02-15,15801,0,847,14954,14951,10799,108.01,0,502,92,141,41,57,14
2025-02-16,14954,0,806,14148,14082,10578,107.76,0,475,98,145,39,49,0
2025-02-17,14148,0,821,13327,13332,10203,107.89,0,449,100,170,41,61,0
2025-02-18,13327,0,750,12577,12649,10896,107.8,0,414,97,144,37,58,0
2025-02-19,12577,0,811,11766,11704,10754,107.68,0,476,101,144,40,50,0
2025-02-20,11766,0,836,10930,10983,10853,108.02,0,497,103,147,35,54,0
2025-02-21,10930,0,163,10767,10814,2035,107.5,0,90,20,34,8,11,0
2025-02-22,10767,0,795,9972,9912,10207,107.63,0,443,105,140,36,57,14
2025-02-23,9972,0,828,9144,9213,9851,107.79,0,459,106,166,42,55,0
2025-02-24,9144,0,778,8366,8380,10671,107.76,0,459,97,143,31,48,0
2025-02-25,8366,0,845,7521,7534,9888,108.07,0,495,104,156,36,54,0
2025-02-26,7521,0,759,6762,6773,10340,107.98,0,420,94,153,40,52,0
2025-02-27,6762,0,798,5964,6010,10813,107.84,0,475,99,145,33,46,0
2025-02-28,5964,0,169,5795,5792,2188,107.88,0,98,20,33,7,11,0
2025-03-01,5795,13238,767,18266,18217,10700,107.81,1427189,426,96,146,32,53,14
2025-03-02,18266,0,826,17440,17503,11013,107.67,0,507,94,139,37,49,0
2025-03-03,17440,0,861,16579,16700,9598,107.76,0,512,105,143,41,60,0
2025-03-04,16579,0,809,15770,15890,9577,107.83,0,464,106,141,41,57,0
2025-03-05,15770,0,811,14959,14917,10404,107.62,0,490,99,137,36,49,0
2025-03-06,14959,0,807,14152,14261,10609,107.58,0,478,104,136,37,52,0
2025-03-07,14152,0,173,13979,13947,2180,107.59,0,97,23,34,8,11,0
2025-03-08,13979,0,819,13160,13209,11247,107.9,0,490,92,130,37,56,14
2025-03-09,13160,0,806,12354,12325,9895,107.44,0,486,88,141,35,56,0
2025-03-10,12354,0,867,11487,11400,10309,107.65,0,509,102,165,38,53,0
2025-03-11,11487,0,832,10655,10604,11054,107.56,0,498,102,139,41,52,0
2025-03-12,10655,0,842,9813,9881,10244,107.87,0,476,114,151,40,61,0
2025-03-13,9813,0,863,8950,8958,11316,107.85,0,498,109,160,40,56,0
2025-03-14,8950,0,183,8767,8743,2271,107.64,0,112,21,29,8,13,0
2025-03-15,8767,0,944,7823,7866,10894,107.53,0,561,100,173,37,59,14
2025-03-16,7823,0,855,6968,6940,9627,107.86,0,514,100,146,41,54,0
2025-03-17,6968,0,878,6090,6046,9633,107.59,0,517,105,164,35,57,0
2025-03-18,6090,0,851,5239,5248,10230,107.81,0,492,109,152,41,57,0
2025-03-19,5239,13032,895,17376,17331,10256,107.75,1404198,533,118,145,42,57,0
2025-03-20,17376,0,791,16585,16691,10052,107.4,0,477,92,140,33,49,0
2025-03-21,16585,0,176,16409,16425,2200,107.48,0,102,21,33,8,12,0
2025-03-22,16409,0,897,15512,15597,10342,107.86,0,537,104,148,41,53,14
2025-03-23,15512,0,872,14640,14541,11057,107.8,0,524,103,148,37,60,0
2025-03-24,14640,0,825,13815,13841,10744,107.32,0,456,109,158,41,61,0
2025-03-25,13815,0,811,13004,13044,9714,107.52,0,470,109,142,37,53,0
2025-03-26,13004,0,806,12198,12139,11076,107.78,0,486,104,127,35,54,0
2025-03-27,12198,0,839,11359,11433,10012,107.37,0,496,102,148,36,57,0
2025-03-28,11359,0,171,11188,11174,2272,107.8,0,98,21,32,9,11,0
2025-03-29,11188,0,898,10290,10260,10181,107.7,0,538,103,144,39,60,14
2025-03-30,10290,0,913,9377,9344,10119,107.52,0,538,117,159,42,57,0
2025-03-31,9377,0,856,8521,8462,10314,107.62,0,474,119,169,38,56,0
2025-04-01,8521,0,859,7662,7722,10530,107.5,0,484,109,165,42,59,0
2025-04-02,7662,0,804,6858,6849,9827,107.41,0,459,101,153,38,53,0
2025-04-03,6858,0,874,5984,5941,11220,107.63,0,489,121,165,38,61,0
2025-04-04,5984,0,182,5802,5822,2285,107.55,0,107,21,34,8,12,0
2025-04-05,5802,13142,945,17999,18128,9735,107.5,1412765,552,118,164,39,58,14
2025-04-06,17999,0,868,17131,17193,11291,107.27,0,507,108,160,40,53,0
2025-04-07,17131,0,804,16327,16304,10931,107.5,0,464,102,151,37,50,0
2025-04-08,16327,0,905,15422,15490,9639,107.51,0,537,118,153,37,60,0
2025-04-09,15422,0,786,14636,14743,9868,107.31,0,460,99,132,37,58,0
2025-04-10,14636,0,831,13805,13788,10140,107.64,0,464,115,155,39,58,0
2025-04-11,13805,0,173,13632,13637,2045,107.45,0,99,21,32,9,12,0
2025-04-12,13632,0,918,12714,12803,10549,107.36,0,536,115,152,40,61,14
2025-04-13,12714,0,889,11825,11758,10168,107.12,0,515,109,166,37,62,0
2025-04-14,11825,0,904,10921,10939,10370,107.59,0,515,119,167,43,60,0
2025-04-15,10921,0,786,10135,10112,10285,107.44,0,453,94,147,37,55,0
2025-04-16,10135,0,884,9251,9267,10021,107.18,0,521,121,143,37,62,0
2025-04-17,9251,0,809,8442,8401,10071,107.21,0,486,106,130,39,48,0
2025-04-18,8442,0,193,8249,8262,2036,107.31,0,119,25,30,8,11,0
2025-04-19,8249,0,770,7479,7486,9720,107.24,0,432,104,136,38,46,14
2025-04-20,7479,0,911,6568,6550,10526,107.1,0,548,116,152,39,56,0
2025-04-21,6568,0,789,5779,5786,10516,107.6,0,468,101,131,33,56,0
2025-04-22,5779,0,883,4896,4868,9822,107.23,0,550,104,139,40,50,0
2025-04-23,4896,13432,805,17523,17644,10820,107.59,1445149,470,99,148,39,49,0
2025-04-24,17523,0,879,16644,16658,10308,107.21,0,529,101,158,35,56,0
2025-04-25,16644,0,176,16468,16485,1996,107.52,0,101,25,30,8,12,0
2025-04-26,16468,0,904,15564,15688,10734,107.38,0,505,123,162,42,58,14
2025-04-27,15564,0,846,14718,14694,10498,107.4,0,502,101,157,33,53,0
2025-04-28,14718,0,770,13948,13872,10900,107.45,0,445,96,141,37,51,0
2025-04-29,13948,0,868,13080,13003,10708,107.1,0,521,106,152,34,55,0
2025-04-30,13080,0,849,12231,12238,10231,107.01,0,500,115,145,36,53,0
2025-05-01,12231,0,903,11328,11292,10211,107.17,0,541,119,142,42,59,0
2025-05-02,11328,0,180,11148,11191,2051,107.32,0,104,25,32,8,11,0
2025-05-03,11148,0,968,10180,10147,10454,106.94,0,577,122,156,40,59,14
2025-05-04,10180,0,855,9325,9294,10741,107.16,0,500,113,154,33,55,0
2025-05-05,9325,0,938,8387,8449,10450,107.28,0,571,106,166,40,55,0
2025-05-06,8387,0,817,7570,7520,11084,107.14,0,484,111,138,36,48,0
2025-05-07,7570,0,938,6632,6632,10879,107.43,0,552,127,164,40,55,0
2025-05-08,6632,0,914,5718,5725,10430,107.27,0,531,115,168,42,58,0
2025-05-09,5718,0,198,5520,5556,2257,106.98,0,122,22,35,8,11,0
2025-05-10,5520,13368,877,18011,17951,10015,106.91,1429173,484,121,162,39,57,14
2025-05-11,18011,0,807,17204,17092,10618,107.0,0,470,96,156,35,50,0
2025-05-12,17204,0,888,16316,16247,9593,107.15,0,505,118,173,38,54,0
2025-05-13,16316,0,900,15416,15370,10165,106.81,0,512,121,168,41,58,0
2025-05-14,15416,0,902,14514,14507,10563,107.1,0,543,116,160,34,49,0
2025-05-15,14514,0,868,13646,13643,10756,107.12,0,541,104,139,36,48,0
2025-05-16,13646,0,186,13460,13544,2109,107.01,0,108,25,31,9,13,0
2025-05-17,13460,0,877,12583,12615,10821,106.85,0,536,100,136,38,53,14
2025-05-18,12583,0,849,11734,11680,10543,107.06,0,496,110,150,39,54,0
2025-05-19,11734,0,819,10915,10830,11384,106.82,0,480,110,146,34,49,0
2025-05-20,10915,0,969,9946,9948,9698,106.85,0,584,119,166,41,59,0
2025-05-21,9946,0,786,9160,9148,11141,106.88,0,438,103,153,38,54,0
2025-05-22,9160,0,920,8240,8250,10655,107.14,0,564,104,164,35,53,0
2025-05-23,8240,0,188,8052,8061,2231,107.24,0,111,24,34,8,11,0
2025-05-24,8052,0,919,7133,7149,9822,107.13,0,551,114,147,37,56,14
2025-05-25,7133,0,844,6289,6249,9754,107.11,0,519,106,139,34,46,0
2025-05-26,6289,0,841,5448,5477,10632,107.17,0,512,98,145,34,52,0
2025-05-27,5448,12867,858,17457,17420,10546,106.91,1375611,522,95,151,37,53,0
2025-05-28,17457,0,969,16488,16610,10435,107.07,0,600,125,146,39,59,0
2025-05-29,16488,0,982,15506,15602,10840,106.79,0,588,129,171,38,56,0
2025-05-30,15506,0,187,15319,15283,2261,106.98,0,108,23,36,7,13,0
2025-05-31,15319,0,891,14428,14375,10836,106.64,0,528,108,153,33,55,14
2025-06-01,14428,0,877,13551,13557,9722,106.66,0,518,112,154,38,55,0
2025-06-02,13551,0,789,12762,12732,10536,106.98,0,461,99,144,32,53,0
2025-06-03,12762,0,939,11823,11828,10921,106.81,0,575,116,151,42,55,0
2025-06-04,11823,0,820,11003,10973,9773,106.88,0,472,118,141,36,53,0
2025-06-05,11003,0,816,10187,10233,10095,106.58,0,491,115,131,32,47,0
2025-06-06,10187,0,190,9997,9964,2254,106.79,0,111,25,35,8,11,0
2025-06-07,9997,0,901,9096,9080,10177,106.89,0,539,113,145,34,56,14
2025-06-08,9096,0,752,8344,8400,10004,106.76,0,443,98,127,37,47,0
2025-06-09,8344,0,894,7450,7407,10500,106.5,0,554,117,132,38,53,0
2025-06-10,7450,0,893,6557,6529,9971,106.49,0,539,113,149,36,56,0
2025-06-11,6557,0,850,5707,5751,9832,106.63,0,497,106,157,38,52,0
2025-06-12,5707,0,857,4850,4832,11213,106.88,0,515,101,153,38,50,0
2025-06-13,4850,13443,181,18112,18141,2166,106.73,1434771,106,22,32,8,13,0
2025-06-14,18112,0,910,17202,17161,11103,106.5,0,559,99,147,33,58,14
2025-06-15,17202,0,855,16347,16335,10467,106.85,0,520,102,138,37,58,0
2025-06-16,16347,0,892,15455,15556,10230,106.49,0,549,108,146,38,51,0
2025-06-17,15455,0,841,14614,14718,11353,106.42,0,504,109,140,34,54,0
2025-06-18,14614,0,822,13792,13895,9923,106.48,0,490,106,139,38,49,0
2025-06-19,13792,0,858,12934,12835,9669,106.36,0,526,111,137,33,51,0
2025-06-20,12934,0,185,12749,12798,2072,106.82,0,105,25,34,8,13,0
2025-06-21,12749,0,892,11857,11769,10836,106.33,0,521,115,152,39,51,14
2025-06-22,11857,0,894,10963,11050,9785,106.54,0,520,116,155,42,61,0
2025-06-23,10963,0,873,10090,10068,10483,106.59,0,542,100,137,38,56,0
2025-06-24,10090,0,944,9146,9212,11426,106.47,0,574,116,157,36,61,0
2025-06-25,9146,0,906,8240,8179,10042,106.4,0,549,107,159,35,56,0
2025-06-26,8240,0,871,7369,7385,10455,106.4,0,545,104,141,34,47,0
2025-06-27,7369,0,187,7182,7213,1970,106.49,0,110,27,30,9,11,0
2025-06-28,7182,0,890,6292,6277,9921,106.64,0,507,108,163,41,57,14
2025-06-29,6292,12631,832,18091,18141,10866,106.4,1343938,506,96,144,34,52,0
2025-06-30,18091,0,860,17231,17144,11094,106.17,0,508,115,145,34,58,0
2025-07-01,17231,0,861,16370,16268,11284,106.4,0,523,118,138,33,49,0
2025-07-02,16370,0,869,15501,15444,10248,106.47,0,526,111,140,38,54,0
2025-07-03,15501,0,917,14584,14492,10690,106.4,0,524,121,172,42,58,0
2025-07-04,14584,0,180,14404,14405,1968,106.38,0,106,23,31,8,12,0
2025-07-05,14404,0,919,13485,13446,11089,106.13,0,521,112,167,43,62,14
2025-07-06,13485,0,838,12647,12564,10017,106.13,0,483,100,159,39,57,0
2025-07-07,12647,0,973,11674,11586,10829,106.34,0,603,116,152,39,63,0
2025-07-08,11674,0,932,10742,10671,10962,106.15,0,566,118,161,34,53,0
2025-07-09,10742,0,898,9844,9830,10304,106.36,0,548,103,155,34,58,0
2025-07-10,9844,0,888,8956,9002,9857,106.26,0,510,118,168,37,55,0
2025-07-11,8956,0,200,8756,8687,2222,106.01,0,124,23,32,8,13,0
2025-07-12,8756,0,881,7875,7846,11232,106.15,0,510,103,162,40,52,14
2025-07-13,7875,0,953,6922,6965,11404,106.13,0,572,122,162,36,61,0
2025-07-14,6922,0,846,6076,6043,11195,106.27,0,520,105,139,33,49,0
2025-07-15,6076,0,828,5248,5263,9865,106.08,0,485,103,140,41,59,0
2025-07-16,5248,13078,910,17416,17361,10185,106.46,1392284,561,113,147,39,50,0
2025-07-17,17416,0,902,16514,16492,11437,106.28,0,531,116,156,42,57,0
2025-07-18,16514,0,196,16318,16430,2160,105.94,0,121,22,35,7,11,0
2025-07-19,16318,0,890,15428,15414,11387,106.39,0,500,122,155,41,58,14
2025-07-20,15428,0,803,14625,14624,10338,106.2,0,457,111,149,33,53,0
2025-07-21,14625,0,888,13737,13662,11378,106.32,0,543,117,137,33,58,0
2025-07-22,13737,0,974,12763,12772,9741,106.19,0,598,127,154,40,55,0
2025-07-23,12763,0,925,11838,11905,10210,106.0,0,558,113,160,36,58,0
2025-07-24,11838,0,910,10928,10963,10023,106.27,0,564,116,139,35,56,0
2025-07-25,10928,0,194,10734,10733,1943,106.08,0,113,26,34,8,13,0
2025-07-26,10734,0,875,9859,9874,10006,106.08,0,491,112,161,38,59,14
2025-07-27,9859,0,878,8981,9041,10202,106.19,0,510,126,142,40,60,0
2025-07-28,8981,0,805,8176,8213,10479,105.77,0,477,101,135,37,55,0
2025-07-29,8176,0,779,7397,7380,9575,105.92,0,456,108,128,36,51,0
2025-07-30,7397,0,834,6563,6511,11163,105.96,0,487,116,144,38,49,0
2025-07-31,6563,0,865,5698,5685,9600,105.78,0,525,105,145,35,55,0
2025-08-01,5698,0,181,5517,5540,2154,106.16,0,105,22,36,7,11,0
2025-08-02,5517,13437,842,18112,18238,9878,106.24,1427547,487,113,138,38,52,14
2025-08-03,18112,0,757,17355,17231,11224,105.83,0,440,94,143,32,48,0
2025-08-04,17355,0,899,16456,16391,10136,106.07,0,542,103,160,41,53,0
2025-08-05,16456,0,788,15668,15657,9575,105.83,0,469,94,143,34,48,0
2025-08-06,15668,0,815,14853,14912,11243,105.6,0,505,94,131,33,52,0
2025-08-07,14853,0,842,14011,13929,10657,106.09,0,513,95,143,37,54,0
2025-08-08,14011,0,178,13833,13754,2307,105.92,0,103,23,30,9,13,0
2025-08-09,13833,0,832,13001,13105,11207,106.0,0,466,114,146,40,52,14
2025-08-10,13001,0,862,12139,12156,9739,105.54,0,497,107,166,41,51,0
2025-08-11,12139,0,933,11206,11288,10838,105.84,0,557,123,157,43,53,0
2025-08-12,11206,0,847,10359,10356,9869,105.89,0,511,109,141,36,50,0
2025-08-13,10359,0,826,9533,9578,9635,106.0,0,483,102,159,33,49,0
2025-08-14,9533,0,866,8667,8703,9733,105.71,0,519,106,149,38,54,0
2025-08-15,8667,0,184,8483,8423,1995,105.81,0,106,25,35,7,11,0
2025-08-16,8483,0,890,7593,7581,10625,105.62,0,498,119,165,41,53,14
2025-08-17,7593,0,815,6778,6765,11270,105.91,0,462,109,149,36,59,0
2025-08-18,6778,0,885,5893,5901,9875,105.8,0,518,114,161,36,56,0
2025-08-19,5893,0,842,5051,5055,10111,105.72,0,495,111,142,35,59,0
2025-08-20,5051,13222,895,17378,17262,10427,105.87,1399813,532,118,148,37,60,0
2025-08-21,17378,0,812,16566,16529,10485,105.46,0,467,110,145,37,53,0
2025-08-22,16566,0,185,16381,16310,2088,105.66,0,112,21,33,8,11,0
2025-08-23,16381,0,902,15479,15505,9960,105.74,0,534,117,150,36,51,14
2025-08-24,15479,0,911,14568,14452,10973,105.36,0,519,123,172,37,60,0
2025-08-25,14568,0,916,13652,13755,9895,105.58,0,560,100,155,40,61,0
2025-08-26,13652,0,813,12839,12761,11149,105.85,0,485,98,141,35,54,0
2025-08-27,12839,0,818,12021,12014,9718,105.81,0,464,111,157,34,52,0
2025-08-28,12021,0,837,11184,11095,9684,105.78,0,481,111,147,36,62,0
2025-08-29,11184,0,188,10996,10934,2154,105.45,0,111,22,35,8,12,0
2025-08-30,10996,0,855,10141,10204,10665,105.72,0,481,101,166,36,57,14
2025-08-31,10141,0,825,9316,9357,10269,105.18,0,474,115,145,38,53,0
2025-09-01,9316,0,786,8530,8510,10040,105.49,0,470,93,131,36,56,0
2025-09-02,8530,0,846,7684,7722,11103,105.24,0,502,93,156,39,56,0
2025-09-03,7684,0,948,6736,6713,9865,105.31,0,561,117,168,40,62,0
2025-09-04,6736,0,843,5893,5849,10835,105.33,0,503,104,144,34,58,0
2025-09-05,5893,0,185,5708,5752,2276,105.65,0,109,22,35,8,11,0
2025-09-06,5708,13264,817,18155,18100,10506,105.49,1399219,477,91,149,36,50,14
2025-09-07,18155,0,918,17237,17264,11275,105.12,0,541,108,170,38,61,0
2025-09-08,17237,0,915,16322,16232,10867,105.26,0,543,111,164,44,53,0
2025-09-09,16322,0,863,15459,15359,10983,105.6,0,501,109,153,39,61,0
2025-09-10,15459,0,783,14676,14692,10962,105.26,0,437,100,154,39,53,0
2025-09-11,14676,0,819,13857,13932,11278,105.31,0,478,103,150,35,53,0
2025-09-12,13857,0,179,13678,13681,2269,105.55,0,107,24,30,7,11,0
2025-09-13,13678,0,915,12763,12788,11006,105.03,0,530,109,165,39,58,14
2025-09-14,12763,0,724,12039,11943,9924,105.13,0,407,88,137,36,56,0
2025-09-15,12039,0,806,11233,11247,9909,105.24,0,456,108,148,35,59,0
2025-09-16,11233,0,776,10457,10435,10507,105.06,0,438,103,146,38,51,0
2025-09-17,10457,0,749,9708,9764,10092,105.0,0,422,103,136,32,56,0
2025-09-18,9708,0,815,8893,8859,10070,105.42,0,487,96,150,32,50,0
2025-09-19,8893,0,180,8713,8745,2248,105.01,0,110,21,31,7,11,0
2025-09-20,8713,0,827,7886,7935,9752,104.86,0,462,104,153,38,56,14
2025-09-21,7886,0,905,6981,7023,9708,105.07,0,550,114,146,41,54,0
2025-09-22,6981,0,754,6227,6248,9590,105.16,0,441,88,140,34,51,0
2025-09-23,6227,0,784,5443,5448,11344,104.9,0,448,101,143,35,57,0
2025-09-24,5443,13019,779,17683,17551,10668,105.34,1371421,434,103,149,39,54,0
2025-09-25,17683,0,765,16918,16940,10338,105.01,0,450,100,128,34,53,0
2025-09-26,16918,0,177,16741,16661,2032,105.07,0,100,22,34,8,13,0
2025-09-27,16741,0,798,15943,15843,9928,105.19,0,448,97,141,37,61,14
2025-09-28,15943,0,885,15058,15174,10413,104.84,0,544,113,141,36,51,0
2025-09-29,15058,0,833,14225,14293,9618,104.77,0,464,105,162,41,61,0
2025-09-30,14225,0,841,13384,13371,10169,105.16,0,496,97,157,39,52,0
2025-10-01,13384,0,749,12635,12577,10017,104.79,0,436,85,139,37,52,0
2025-10-02,12635,0,865,11770,11715,10591,105.15,0,501,106,165,38,55,0
2025-10-03,11770,0,173,11597,11676,2188,105.07,0,96,22,34,8,13,0
2025-10-04,11597,0,857,10740,10671,11088,105.06,0,492,100,156,38,57,14
2025-10-05,10740,0,759,9981,10029,10057,105.01,0,454,89,131,37,48,0
2025-10-06,9981,0,727,9254,9265,11404,104.84,0,414,91,129,37,56,0
2025-10-07,9254,0,753,8501,8511,11145,104.87,0,430,104,133,38,48,0
2025-10-08,8501,0,743,7758,7726,10146,104.83,0,440,87,132,34,50,0
2025-10-09,7758,0,808,6950,6991,10257,104.5,0,471,110,139,37,51,0
2025-10-10,6950,0,178,6772,6766,1983,104.91,0,102,23,32,9,12,0
2025-10-11,6772,0,861,5911,5902,11343,104.73,0,480,96,165,43,63,14
2025-10-12,5911,13000,745,18166,18305,10116,104.89,1363570,447,85,130,33,50,0
2025-10-13,18166,0,736,17430,17491,10912,104.83,0,411,103,134,37,51,0
2025-10-14,17430,0,884,16546,16637,11054,104.95,0,522,98,161,42,61,0
2025-10-15,16546,0,731,15815,15823,11321,104.84,0,417,94,134,33,53,0
2025-10-16,15815,0,790,15025,14991,9766,104.67,0,473,89,142,37,49,0
2025-10-17,15025,0,164,14861,14840,1934,104.64,0,95,20,30,8,11,0
2025-10-18,14861,0,828,14033,14143,10707,104.89,0,472,100,149,40,53,14
2025-10-19,14033,0,744,13289,13211,11358,104.82,0,434,91,131,36,52,0
2025-10-20,13289,0,845,12444,12372,11320,104.52,0,494,95,158,39,59,0
2025-10-21,12444,0,807,11637,11587,9653,104.74,0,476,96,141,40,54,0
2025-10-22,11637,0,806,10831,10828,10629,104.8,0,479,92,148,36,51,0
2025-10-23,10831,0,729,10102,10049,10607,104.55,0,406,84,151,37,51,0
2025-10-24,10102,0,173,9929,9939,2096,104.37,0,100,21,33,8,11,0
2025-10-25,9929,0,813,9116,9078,9683,104.68,0,455,91,162,39,52,14
2025-10-26,9116,0,838,8278,8326,10021,104.47,0,501,96,146,42,53,0
2025-10-27,8278,0,805,7473,7526,9935,104.4,0,463,101,155,34,52,0
2025-10-28,7473,0,869,6604,6581,10303,104.55,0,494,107,172,36,60,0
2025-10-29,6604,0,890,5714,5678,11098,104.71,0,532,99,154,43,62,0
2025-10-30,5714,0,796,4918,4951,11389,104.45,0,457,103,144,37,55,0
2025-10-31,4918,13396,178,18136,18116,1967,104.25,1396533,105,21,31,8,13,0
2025-11-01,18136,0,840,17296,17192,9701,104.14,0,476,97,156,38,59,14
2025-11-02,17296,0,684,16612,16540,10621,104.14,0,387,83,131,34,49,0
2025-11-03,16612,0,858,15754,15755,10239,104.53,0,495,99,166,37,61,0
2025-11-04,15754,0,763,14991,15075,11353,104.35,0,441,98,136,34,54,0
2025-11-05,14991,0,803,14188,14279,10003,104.5,0,442,105,156,37,63,0
2025-11-06,14188,0,732,13456,13542,10472,104.2,0,412,91,140,36,53,0
2025-11-07,13456,0,175,13281,13291,2030,104.55,0,101,20,34,8,12,0
2025-11-08,13281,0,786,12495,12591,10231,104.26,0,438,99,137,39,59,14
2025-11-09,12495,0,766,11729,11802,10658,104.11,0,423,90,161,34,58,0
2025-11-10,11729,0,728,11001,11065,9679,104.45,0,424,82,138,37,47,0
2025-11-11,11001,0,783,10218,10140,10397,103.99,0,452,86,148,39,58,0
2025-11-12,10218,0,789,9429,9470,10377,104.44,0,437,98,159,38,57,0
2025-11-13,9429,0,776,8653,8600,10774,103.95,0,453,93,145,36,49,0
2025-11-14,8653,0,173,8480,8418,1960,103.95,0,99,19,34,8,13,0
2025-11-15,8480,0,786,7694,7634,10439,104.38,0,446,91,148,34,53,14
2025-11-16,7694,0,772,6922,6868,11248,104.03,0,430,93,155,42,52,0
2025-11-17,6922,0,766,6156,6203,9878,103.92,0,444,88,146,33,55,0
2025-11-18,6156,0,805,5351,5388,10261,104.29,0,462,95,148,43,57,0
2025-11-19,5351,13000,771,17580,17461,10468,104.2,1354600,435,102,142,35,57,0
2025-11-20,17580,0,774,16806,16844,9613,103.83,0,441,96,149,35,53,0
2025-11-21,16806,0,172,16634,16538,1984,103.89,0,96,21,34,9,12,0
2025-11-22,16634,0,878,15756,15734,10899,104.04,0,501,103,163,36,61,14
2025-11-23,15756,0,876,14880,14959,10733,103.93,0,509,96,169,41,61,0
2025-11-24,14880,0,735,14145,14208,9672,104.09,0,399,95,151,40,50,0
2025-11-25,14145,0,723,13422,13447,9841,103.87,0,418,87,135,33,50,0
2025-11-26,13422,0,808,12614,12628,10117,103.91,0,451,103,152,40,62,0
2025-11-27,12614,0,823,11791,11825,11143,104.1,0,459,106,162,41,55,0
2025-11-28,11791,0,166,11625,11654,2140,103.96,0,92,20,32,9,13,0
2025-11-29,11625,0,715,10910,10891,9990,104.1,0,398,86,138,32,47,14
2025-11-30,10910,0,806,10104,10029,10486,103.91,0,478,89,144,38,57,0
2025-12-01,10104,0,709,9395,9393,10675,103.6,0,401,80,148,34,46,0
2025-12-02,9395,0,844,8551,8606,10617,103.91,0,480,106,163,37,58,0
2025-12-03,8551,0,779,7772,7809,10942,103.8,0,446,99,142,37,55,0
2025-12-04,7772,0,812,6960,7014,9923,103.88,0,469,103,148,40,52,0
2025-12-05,6960,0,168,6792,6742,2056,104.03,0,94,20,33,8,13,0
2025-12-06,6792,0,857,5935,5911,10198,103.9,0,496,88,159,42,58,14
2025-12-07,5935,13000,733,18202,18083,11365,103.85,1350050,421,86,136,39,51,0
2025-12-08,18202,0,823,17379,17309,9622,103.91,0,468,103,159,35,58,0
2025-12-09,17379,0,842,16537,16610,10551,103.93,0,495,100,150,37,60,0
2025-12-10,16537,0,772,15765,15869,10636,103.89,0,431,99,157,35,50,0
2025-12-11,15765,0,815,14950,14878,10587,103.44,0,479,89,149,40,58,0
2025-12-12,14950,0,166,14784,14874,1972,103.4,0,96,19,32,8,11,0
2025-12-13,14784,0,788,13996,14023,9736,103.57,0,433,93,151,36,61,14
2025-12-14,13996,0,821,13175,13134,9841,103.45,0,464,97,164,43,53,0
2025-12-15,13175,0,808,12367,12451,11041,103.54,0,466,90,147,43,62,0
2025-12-16,12367,0,766,11601,11652,9645,103.75,0,456,90,131,36,53,0
2025-12-17,11601,0,830,10771,10823,11268,103.72,0,471,103,153,39,64,0
2025-12-18,10771,0,763,10008,9976,10646,103.7,0,436,100,141,37,49,0
2025-12-19,10008,0,167,9841,9902,2226,103.63,0,96,20,33,7,11,0
2025-12-20,9841,0,779,9062,9124,10556,103.73,0,445,88,140,38,54,14
2025-12-21,9062,0,699,8363,8380,10869,103.47,0,390,81,148,33,47,0
2025-12-22,8363,0,793,7570,7584,9817,103.39,0,443,101,150,39,60,0
2025-12-23,7570,0,718,6852,6838,9906,103.42,0,389,87,154,38,50,0
2025-12-24,6852,0,773,6079,6046,10915,103.43,0,442,81,156,38,56,0
2025-12-25,6079,0,735,5344,5335,9866,103.46,0,397,96,158,34,50,0
2025-12-26,5344,13000,162,18182,18051,2093,103.5,1345500,88,22,34,7,11,0
2025-12-27,18182,0,866,17316,17373,10388,103.4,0,501,102,150,37,62,14
2025-12-28,17316,0,819,16497,16592,9753,103.48,0,472,89,159,39,60,0
2025-12-29,16497,0,863,15634,15546,10516,103.6,0,496,103,167,38,59,0
2025-12-30,15634,0,768,14866,14891,10713,103.6,0,441,87,159,33,48,0
2025-12-31,14866,0,796,14070,14141,10765,103.1,0,450,98,162,35,51,0
2026-01-01,14070,0,805,13265,13302,10690,103.01,0,465,86,159,41,54,0
2026-01-02,13265,0,173,13092,13082,2249,103.43,0,103,19,31,8,12,0
2026-01-03,13092,0,844,12248,12186,9993,103.1,0,463,100,171,37,59,14
2026-01-04,12248,0,838,11410,11482,11182,102.93,0,486,107,154,38,53,0
2026-01-05,11410,0,696,10714,10741,10463,103.46,0,378,85,141,38,54,0
2026-01-06,10714,0,775,9939,9919,10996,103.09,0,449,88,147,35,56,0
2026-01-07,9939,0,760,9179,9222,10093,103.21,0,422,98,143,40,57,0
2026-01-08,9179,0,845,8334,8268,9732,103.04,0,503,94,151,38,59,0
2026-01-09,8334,0,168,8166,8213,2171,102.97,0,94,20,34,9,11,0
2026-01-10,8166,0,810,7356,7354,10226,103.35,0,435,101,167,42,51,14
2026-01-11,7356,0,831,6525,6473,10712,102.93,0,494,92,160,35,50,0
2026-01-12,6525,0,857,5668,5699,10978,103.28,0,498,100,165,39,55,0
2026-01-13,5668,0,712,4956,4968,10312,103.02,0,407,93,132,33,47,0
2026-01-14,4956,13475,815,17616,17666,10054,103.21,1390755,455,103,164,36,57,0
2026-01-15,17616,0,758,16858,16796,10257,103.08,0,415,97,156,39,51,0
2026-01-16,16858,0,162,16696,16686,2059,102.71,0,91,21,30,8,12,0
2026-01-17,16696,0,830,15866,15751,9881,103.01,0,457,100,165,36,58,14
2026-01-18,15866,0,723,15143,15188,10078,103.13,0,408,88,137,35,55,0
2026-01-19,15143,0,792,14351,14359,11078,102.67,0,478,85,144,35,50,0
2026-01-20,14351,0,749,13602,13680,10472,102.75,0,425,89,148,33,54,0
2026-01-21,13602,0,808,12794,12724,10195,102.7,0,478,95,137,40,58,0
2026-01-22,12794,0,739,12055,12030,10261,103.13,0,420,87,143,32,57,0
2026-01-23,12055,0,166,11889,11833,1960,102.67,0,89,20,35,9,13,0
2026-01-24,11889,0,781,11108,11142,10612,102.79,0,434,97,146,36,54,14
2026-01-25,11108,0,824,10284,10278,9798,103.07,0,484,100,142,41,57,0
2026-01-26,10284,0,780,9504,9566,9644,102.76,0,453,91,148,33,55,0
2026-01-27,9504,0,776,8728,8718,10734,102.6,0,437,90,154,42,53,0
2026-01-28,8728,0,857,7871,7821,10891,102.73,0,504,106,153,41,53,0
2026-01-29,7871,0,792,7079,7083,10738,102.76,0,442,102,153,38,57,0
2026-01-30,7079,0,162,6917,6882,2129,102.86,0,93,19,30,8,12,0
2026-01-31,6917,0,736,6181,6149,10138,102.69,0,421,86,127,38,50,14
2026-02-01,6181,12921,813,18289,18177,10454,103.0,1330863,467,101,145,41,59,0
2026-02-02,18289,0,736,17553,17482,10726,102.53,0,421,92,133,39,51,0
2026-02-03,17553,0,773,16780,16793,10535,102.71,0,467,97,129,34,46,0
2026-02-04,16780,0,792,15988,15956,9588,102.84,0,480,90,138,35,49,0
2026-02-05,15988,0,824,15164,15215,10033,102.89,0,465,102,162,41,54,0
2026-02-06,15164,0,164,15000,15069,2175,102.35,0,91,20,34,8,11,0
2026-02-07,15000,0,914,14086,14098,10586,102.58,0,524,114,163,37,62,14
2026-02-08,14086,0,854,13232,13285,10384,102.46,0,506,103,147,37,61,0
2026-02-09,13232,0,831,12401,12486,9725,102.49,0,452,108,173,38,60,0
2026-02-10,12401,0,735,11666,11720,10592,102.41,0,405,93,145,36,56,0
2026-02-11,11666,0,793,10873,10951,11147,102.76,0,447,96,155,38,57,0
2026-02-12,10873,0,725,10148,10147,9667,102.81,0,395,89,155,36,50,0
2026-02-13,10148,0,172,9976,9905,2048,102.37,0,94,23,35,8,12,0
2026-02-14,9976,0,824,9152,9171,10094,102.22,0,469,96,147,37,61,14
2026-02-15,9152,0,884,8268,8236,9948,102.65,0,516,108,159,41,60,0
2026-02-16,8268,0,750,7518,7554,10132,102.65,0,422,102,144,34,48,0
2026-02-17,7518,0,838,6680,6719,11358,102.47,0,485,99,159,36,59,0
2026-02-18,6680,0,797,5883,5859,9750,102.63,0,456,109,143,35,54,0
2026-02-19,5883,0,878,5005,5011,11241,102.17,0,510,109,161,42,56,0
2026-02-20,5005,13320,176,18149,18270,2276,102.27,1362236,105,21,30,8,12,0
2026-02-21,18149,0,779,17370,17475,9703,102.51,0,455,89,133,32,56,14
2026-02-22,17370,0,782,16588,16541,10949,102.61,0,448,89,153,37,55,0
2026-02-23,16588,0,868,15720,15747,10714,102.13,0,511,109,154,36,58,0
2026-02-24,15720,0,781,14939,14900,10781,102.17,0,456,91,151,36,47,0
2026-02-25,14939,0,805,14134,14191,11007,102.25,0,462,106,146,40,51,0
2026-02-26,14134,0,837,13297,13317,10798,102.52,0,473,108,160,37,59,0
2026-02-27,13297,0,176,13121,13116,2284,102.28,0,100,23,33,8,12,0
2026-02-28,13121,0,746,12375,12287,9669,102.48,0,400,84,155,36,57,14
2026-03-01,12375,0,855,11520,11540,11076,102.44,0,486,113,158,36,62,0
2026-03-02,11520,0,825,10695,10687,10845,102.11,0,468,107,164,35,51,0
2026-03-03,10695,0,762,9933,9906,9622,102.28,0,431,94,147,35,55,0
2026-03-04,9933,0,730,9203,9173,10400,102.34,0,417,88,139,32,54,0
2026-03-05,9203,0,751,8452,8436,10051,102.33,0,423,107,132,37,52,0
2026-03-06,8452,0,174,8278,8227,2149,102.04,0,101,22,30,8,13,0
2026-03-07,8278,0,834,7444,7398,10205,102.13,0,481,99,145,38,57,14
2026-03-08,7444,0,855,6589,6585,10080,102.11,0,510,111,142,35,57,0
2026-03-09,6589,0,828,5761,5775,10297,102.05,0,507,90,145,35,51,0
2026-03-10,5761,0,822,4939,4936,11406,102.26,0,478,112,137,35,60,0
2026-03-11,4939,13411,755,17595,17607,9742,102.08,1368995,443,96,135,33,48,0
2026-03-12,17595,0,839,16756,16643,10431,102.37,0,484,112,146,36,61,0
2026-03-13,16756,0,186,16570,16679,2078,101.98,0,109,22,35,8,12,0
2026-03-14,16570,0,831,15739,15761,10791,101.77,0,495,91,144,35,52,14
2026-03-15,15739,0,861,14878,14814,10672,102.09,0,515,98,159,37,52,0
2026-03-16,14878,0,817,14061,14084,9891,101.97,0,486,108,132,39,52,0
2026-03-17,14061,0,814,13247,13310,9806,102.14,0,499,96,136,33,50,0
2026-03-18,13247,0,824,12423,12390,10587,102.07,0,481,93,154,38,58,0
2026-03-19,12423,0,846,11577,11527,10012,101.8,0,513,99,147,36,51,0
2026-03-20,11577,0,184,11393,11390,2149,101.67,0,104,24,36,8,12,0
2026-03-21,11393,0,791,10602,10669,10516,101.74,0,454,97,140,32,54,14
2026-03-22,10602,0,776,9826,9873,10151,101.82,0,441,108,139,36,52,0
2026-03-23,9826,0,902,8924,8936,10526,101.74,0,548,109,148,43,54,0
2026-03-24,8924,0,849,8075,8126,11371,101.7,0,495,108,158,38,50,0
2026-03-25,8075,0,812,7263,7271,9957,101.89,0,466,114,142,40,50,0
2026-03-26,7263,0,838,6425,6455,10999,101.75,0,492,97,154,38,57,0
2026-03-27,6425,0,193,6232,6272,2093,101.93,0,114,24,36,8,11,0
2026-03-28,6232,0,901,5331,5324,11106,101.99,0,539,109,143,42,54,14
2026-03-29,5331,13575,900,18006,18002,11185,101.88,1383021,527,102,171,39,61,0
2026-03-30,18006,0,814,17192,17061,10318,102.08,0,494,92,140,33,55,0
2026-03-31,17192,0,739,16453,16469,9646,101.86,0,434,87,134,37,47,0
2026-04-01,16453,0,946,15507,15407,10055,102.07,0,575,123,150,40,58,0
2026-04-02,15507,0,809,14698,14659,10467,101.69,0,461,101,159,37,51,0
2026-04-03,14698,0,195,14503,14449,2049,101.69,0,117,24,34,7,13,0
2026-04-04,14503,0,808,13695,13728,11291,101.62,0,462,98,145,38,51,14
2026-04-05,13695,0,855,12840,12907,11095,101.43,0,506,103,152,41,53,0
2026-04-06,12840,0,872,11968,11949,10580,101.42,0,519,117,143,40,53,0
2026-04-07,11968,0,765,11203,11210,9626,101.86,0,441,96,135,37,56,0
2026-04-08,11203,0,843,10360,10345,10158,101.71,0,485,118,149,39,52,0
2026-04-09,10360,0,898,9462,9532,10370,101.58,0,544,102,158,40,54,0
2026-04-10,9462,0,200,9262,9335,2238,101.56,0,120,25,34,8,13,0
2026-04-11,9262,0,926,8336,8280,10805,101.88,0,550,108,156,43,55,14
2026-04-12,8336,0,797,7539,7525,9680,101.86,0,465,96,149,39,48,0
2026-04-13,7539,0,797,6742,6779,11172,101.53,0,464,106,137,37,53,0
2026-04-14,6742,0,877,5865,5899,10052,101.52,0,530,110,142,38,57,0
2026-04-15,5865,0,873,4992,4963,10013,101.36,0,531,110,140,41,51,0
2026-04-16,4992,13258,793,17457,17579,9769,101.66,1347808,457,96,154,37,49,0
2026-04-17,17457,0,180,17277,17218,1944,101.44,0,106,24,30,8,12,0
2026-04-18,17277,0,813,16464,16554,10416,101.54,0,471,109,137,33,49,14
2026-04-19,16464,0,846,15618,15537,9958,101.63,0,513,102,136,38,57,0
2026-04-20,15618,0,883,14735,14781,10470,101.21,0,543,112,137,35,56,0
2026-04-21,14735,0,870,13865,13976,10011,101.66,0,529,100,148,39,54,0
2026-04-22,13865,0,856,13009,13080,11385,101.72,0,519,94,156,35,52,0
2026-04-23,13009,0,839,12170,12208,11252,101.17,0,481,110,148,42,58,0
2026-04-24,12170,0,196,11974,11963,2285,101.67,0,117,25,34,8,12,0
2026-04-25,11974,0,859,11115,11165,9822,101.71,0,489,112,155,35,54,14
2026-04-26,11115,0,938,10177,10211,9676,101.41,0,576,106,159,38,59,0
2026-04-27,10177,0,859,9318,9326,11371,101.18,0,517,111,143,38,50,0
2026-04-28,9318,0,813,8505,8487,10219,101.19,0,465,109,153,35,51,0
2026-04-29,8505,0,928,7577,7634,10843,101.5,0,569,102,160,42,55,0
2026-04-30,7577,0,866,6711,6731,9910,101.21,0,522,108,151,33,52,0
2026-05-01,6711,0,187,6524,6542,2011,101.47,0,111,23,31,9,13,0
2026-05-02,6524,0,910,5614,5570,11389,101.1,0,554,106,139,41,56,14
2026-05-03,5614,13289,829,18074,17985,10159,101.27,1345777,499,102,137,36,55,0
2026-05-04,18074,0,840,17234,17149,10340,101.47,0,515,100,140,34,51,0
2026-05-05,17234,0,863,16371,16331,11401,101.41,0,509,122,136,37,59,0
2026-05-06,16371,0,926,15445,15469,10376,101.45,0,549,122,152,42,61,0
2026-05-07,15445,0,817,14628,14625,9932,101.34,0,466,100,157,40,54,0
2026-05-08,14628,0,199,14429,14389,2186,101.22,0,122,24,32,8,13,0
2026-05-09,14429,0,864,13565,13605,10809,101.07,0,534,100,135,32,49,14
2026-05-10,13565,0,861,12704,12694,10493,101.24,0,516,113,142,33,57,0
2026-05-11,12704,0,915,11789,11736,10281,101.07,0,557,116,154,37,51,0
2026-05-12,11789,0,834,10955,10948,9622,101.29,0,489,110,143,38,54,0
2026-05-13,10955,0,861,10094,10061,10176,101.48,0,484,117,164,38,58,0
2026-05-14,10094,0,944,9150,9207,11009,101.44,0,578,111,152,42,61,0
2026-05-15,9150,0,191,8959,8911,2114,100.92,0,111,25,35,8,12,0
2026-05-16,8959,0,891,8068,8094,10551,101.25,0,550,101,135,35,56,14
2026-05-17,8068,0,845,7223,7178,10260,100.91,0,513,111,141,34,46,0
2026-05-18,7223,0,898,6325,6321,10190,101.02,0,534,108,158,39,59,0
2026-05-19,6325,0,935,5390,5350,10830,101.06,0,559,117,162,39,58,0
2026-05-20,5390,12777,861,17306,17360,11318,101.2,1293032,506,110,150,38,57,0
2026-05-21,17306,0,901,16405,16486,11174,101.06,0,531,127,146,41,56,0
2026-05-22,16405,0,196,16209,16287,2035,101.24,0,120,23,34,8,11,0
2026-05-23,16209,0,892,15317,15294,9861,101.02,0,523,110,153,36,56,14
2026-05-24,15317,0,927,14390,14375,10418,101.11,0,556,108,168,40,55,0
2026-05-25,14390,0,920,13470,13558,11063,101.28,0,564,118,143,40,55,0
2026-05-26,13470,0,825,12645,12678,11425,101.04,0,489,104,142,36,54,0
2026-05-27,12645,0,901,11744,11720,10626,101.03,0,551,121,140,38,51,0
2026-05-28,11744,0,841,10903,10962,10364,100.76,0,483,121,150,36,51,0
2026-05-29,10903,0,183,10720,10767,2107,100.86,0,103,24,36,7,13,0
2026-05-30,10720,0,891,9829,9776,10877,100.86,0,533,108,144,38,54,14
2026-05-31,9829,0,809,9020,8960,9872,101.22,0,483,100,133,35,58,0
2026-06-01,9020,0,863,8157,8109,10234,101.24,0,525,99,148,38,53,0
2026-06-02,8157,0,936,7221,7241,10806,101.11,0,540,126,171,37,62,0
2026-06-03,7221,0,837,6384,6389,11010,101.19,0,487,114,142,39,55,0
2026-06-04,6384,0,986,5398,5364,10253,100.7,0,606,120,161,41,58,0
2026-06-05,5398,12779,200,17977,17962,2022,100.74,1287356,125,23,30,9,13,0
2026-06-06,17977,0,964,17013,17116,9703,101.03,0,568,121,163,37,61,14
2026-06-07,17013,0,809,16204,16105,9984,100.97,0,475,101,141,38,54,0
2026-06-08,16204,0,819,15385,15336,10570,100.9,0,471,100,155,37,56,0
2026-06-09,15385,0,867,14518,14557,10978,100.68,0,531,110,139,33,54,0
2026-06-10,14518,0,784,13734,13776,11160,100.81,0,456,96,148,34,50,0
2026-06-11,13734,0,866,12868,12802,10303,100.62,0,511,108,155,35,57,0
2026-06-12,12868,0,205,12663,12602,2220,101.04,0,125,26,33,8,13,0
2026-06-13,12663,0,874,11789,11761,9844,100.6,0,500,107,160,41,52,14
2026-06-14,11789,0,934,10855,10799,11239,100.58,0,572,116,152,38,56,0
2026-06-15,10855,0,924,9931,9865,10021,100.9,0,569,109,156,37,53,0
2026-06-16,9931,0,848,9083,9027,10617,100.71,0,493,109,153,41,52,0
2026-06-17,9083,0,912,8171,8215,10998,100.82,0,558,109,150,39,56,0
2026-06-18,8171,0,881,7290,7295,10434,100.82,0,537,109,150,34,51,0
2026-06-19,7290,0,180,7110,7081,2114,100.97,0,105,24,31,8,12,0
2026-06-20,7110,0,851,6259,6283,11135,100.45,0,511,106,135,37,48,14
2026-06-21,6259,12710,873,18096,17968,10470,100.46,1276847,504,123,151,38,57,0
2026-06-22,18096,0,890,17206,17134,9951,100.58,0,546,106,154,35,49,0
2026-06-23,17206,0,892,16314,16374,10719,100.57,0,509,111,171,40,61,0
2026-06-24,16314,0,907,15407,15413,10762,100.81,0,570,101,140,39,57,0
2026-06-25,15407,0,879,14528,14442,11263,100.99,0,511,123,157,37,51,0
2026-06-26,14528,0,186,14342,14369,1951,100.5,0,112,24,31,8,11,0
2026-06-27,14342,0,890,13452,13394,11259,100.77,0,530,112,147,35,52,14
2026-06-28,13452,0,969,12483,12498,9892,100.7,0,587,116,171,40,55,0
2026-06-29,12483,0,944,11539,11581,10768,100.51,0,585,125,143,38,53,0
2026-06-30,11539,0,827,10712,10660,10971,100.34,0,489,120,133,33,52,0
2026-07-01,10712,0,934,9778,9776,11095,100.72,0,561,107,169,36,61,0
2026-07-02,9778,0,869,8909,8916,9771,100.51,0,529,105,147,38,50,0
2026-07-03,8909,0,187,8722,8699,2265,100.39,0,109,24,32,9,13,0
2026-07-04,8722,0,869,7853,7859,9913,100.84,0,524,99,148,35,49,14
2026-07-05,7853,0,882,6971,6934,9761,100.31,0,532,101,162,35,52,0
2026-07-06,6971,0,850,6121,6079,9674,100.7,0,504,120,138,36,52,0
2026-07-07,6121,0,901,5220,5207,10370,100.47,0,531,109,160,43,58,0
2026-07-08,5220,13029,908,17341,17440,10854,100.55,1310066,545,121,145,37,60,0
2026-07-09,17341,0,948,16393,16316,10169,100.38,0,581,117,154,36,60,0
2026-07-10,16393,0,176,16217,16112,2192,100.33,0,102,22,32,9,11,0
2026-07-11,16217,0,904,15313,15427,10938,100.74,0,552,109,139,36,54,14
2026-07-12,15313,0,915,14398,14349,10929,100.65,0,552,106,163,37,57,0
2026-07-13,14398,0,925,13473,13410,11180,100.55,0,546,127,156,37,59,0
2026-07-14,13473,0,882,12591,12670,9777,100.61,0,518,116,158,37,53,0
2026-07-15,12591,0,866,11725,11778,9600,100.7,0,527,99,154,32,54,0
2026-07-16,11725,0,785,10940,11005,10982,100.2,0,455,112,130,35,53,0
2026-07-17,10940,0,182,10758,10783,2290,100.18,0,109,24,30,8,11,0
2026-07-18,10758,0,835,9923,9855,9882,100.26,0,479,106,145,35,56,14
2026-07-19,9923,0,980,8943,8976,9750,100.74,0,586,124,172,36,62,0
2026-07-20,8943,0,864,8079,8126,9721,100.5,0,528,100,143,37,56,0
2026-07-21,8079,0,913,7166,7147,11009,100.54,0,563,107,147,35,61,0
2026-07-22,7166,0,848,6318,6337,10390,100.34,0,503,101,155,36,53,0
2026-07-23,6318,0,902,5416,5396,11097,100.71,0,543,106,162,36,55,0
2026-07-24,5416,12834,185,18065,18172,2127,100.61,1291229,106,25,35,8,11,0
2026-07-25,18065,0,835,17230,17196,10612,100.18,0,490,101,146,34,50,14
2026-07-26,17230,0,848,16382,16477,11081,100.46,0,507,112,136,40,53,0
2026-07-27,16382,0,877,15505,15401,10350,100.43,0,538,113,134,38,54,0
2026-07-28,15505,0,816,14689,14589,9617,100.59,0,471,98,156,36,55,0
2026-07-29,14689,0,874,13815,13815,11322,100.55,0,514,111,158,36,55,0
2026-07-30,13815,0,917,12898,12928,11311,100.61,0,550,116,156,36,59,0
2026-07-31,12898,0,191,12707,12717,1946,100.18,0,112,25,34,8,12,0
2026-08-01,12707,0,912,11795,11884,11006,100.33,0,529,115,153,41,60,14
2026-08-02,11795,0,912,10883,10948,10958,100.44,0,545,105,166,43,53,0
2026-08-03,10883,0,839,10044,10122,10671,100.47,0,524,98,134,34,49,0
2026-08-04,10044,0,815,9229,9171,9970,100.59,0,475,107,148,35,50,0
2026-08-05,9229,0,838,8391,8404,9589,100.4,0,507,104,138,34,55,0
2026-08-06,8391,0,879,7512,7567,9669,100.27,0,541,106,141,34,57,0
2026-08-07,7512,0,192,7320,7353,2126,100.55,0,118,24,30,8,12,0
2026-08-08,7320,0,843,6477,6517,11286,100.14,0,499,104,141,37,48,14
2026-08-09,6477,0,935,5542,5563,11032,100.18,0,572,117,158,36,52,0
2026-08-10,5542,0,810,4732,4731,10337,100.49,0,468,109,138,41,54,0
2026-08-11,4732,13523,791,17464,17359,9970,100.07,1353247,450,96,155,36,54,0
2026-08-12,17464,0,888,16576,16489,11323,100.44,0,535,108,159,37,49,0
2026-08-13,16576,0,867,15709,15644,10669,100.01,0,523,108,146,34,56,0
2026-08-14,15709,0,175,15534,15618,2136,99.97,0,100,22,32,9,12,0
2026-08-15,15534,0,850,14684,14607,11035,100.29,0,473,117,145,40,61,14
2026-08-16,14684,0,815,13869,13812,11428,100.17,0,479,99,149,37,51,0
2026-08-17,13869,0,917,12952,13028,10454,100.16,0,563,100,161,35,58,0
2026-08-18,12952,0,864,12088,12131,11152,99.96,0,495,107,165,36,61,0
2026-08-19,12088,0,885,11203,11216,10625,99.99,0,544,112,140,35,54,0
2026-08-20,11203,0,877,10326,10345,10214,100.33,0,521,117,145,39,55,0
